Name;Price;Link
Подушка Пипа Velvet Coral;1890руб.;https://www.divan.ru/product/podushka-pipa-velvet-coral
Подушка Букле White;1490руб.;https://www.divan.ru/product/podushka-bukle-white
Подушка Варшава Vertical Jeance;2190руб.;https://www.divan.ru/product/podushka-varshava-vertical-jeance
Плед Линли Ivory;4590руб.;https://www.divan.ru/product/pled-linli-ivory
Топпер для дивана Сони XL Barhat Beige;3990руб.;https://www.divan.ru/product/topper-dlya-divana-soni-xl-barhat-beige
Плед Тут Рядом Хорошо Бежевый 140x200;5990руб.;https://www.divan.ru/product/pled-tut-ryadom-horosho-bejevyj-140x200
Зеркало настенное Оливия Black;5890руб.;https://www.divan.ru/product/zerkalo-nastennoe-oliviya-black
Подушка Рейн Cozy Ginger;1990руб.;https://www.divan.ru/product/podushka-rejn-cozy-ginger
Плед Вилд Animal Spots 130x180;7490руб.;https://www.divan.ru/product/pled-vild-animal-spots-130x180
Подушка Лаунд Grey;1990руб.;https://www.divan.ru/product/podushka-laund-grey
Подушка Виола Beige;1990руб.;https://www.divan.ru/product/podushka-viola-beige
Подушка Тут Рядом Город Белая;2890руб.;https://www.divan.ru/product/podushka-tut-ryadom-gorod-belaya
Покрывало Лаурен-Cream 240x260;14 990руб.;https://www.divan.ru/product/pokryvalo-lauren-cream-240x260
Топпер для дивана Оквилл S Velvet Grey;4490руб.;https://www.divan.ru/product/topper-dlya-divana-okvill-s-velvet-grey
Топпер для дивана Сони-1 Velvet Ocean-Grey;7190руб.;https://www.divan.ru/product/topper-dlya-divana-soni-1-velvet-ocean-grey
Плед Франко Бежевый 120х170;2990руб.;https://www.divan.ru/product/pled-franko-bejevyj-120x170
Подушка Лисси Velvet Milk;2290руб.;https://www.divan.ru/product/podushka-lissi-velvet-milk
Подушка Лунни Bucle White;1790руб.;https://www.divan.ru/product/podushka-lunni-bucle-white
Подушка Лисси Velvet Sky;2290руб.;https://www.divan.ru/product/podushka-lissi-velvet-sky
Подушка Тут Рядом Город Лиловая;2290руб.;https://www.divan.ru/product/podushka-tut-ryadom-gorod-lilovaya
Зеркало настенное Бьерн Wood;8890руб.;https://www.divan.ru/product/zerkalo-nastennoe-bern-wood
Топпер для дивана Сони Happy Yellow;4490руб.;https://www.divan.ru/product/topper-dlya-divana-soni-happy-yellow
Плед Линли Grey;4590руб.;https://www.divan.ru/product/pled-linli-grey
Топпер для дивана Сони Happy Latte;4490руб.;https://www.divan.ru/product/topper-dlya-divana-soni-happy-latte
Плед Lotus Home Textile Blue 120x170;7490руб.;https://www.divan.ru/product/pled-lotus-blue-120x170
Плед Brera Home Textile Blue 120x170;7490руб.;https://www.divan.ru/product/pled-brera-home-textile-blue-120x170
Покрывало Лаурен-Beige 240x260;14 990руб.;https://www.divan.ru/product/pokryvalo-lauren-beige-240x260
Подушка Меланж Brown;1190руб.;https://www.divan.ru/product/podushka-melanj-brown
Плед Тут Рядом Тепло Сине-бежевый 140x200;11 990руб.;https://www.divan.ru/product/pled-tut-ryadom-teplo-sine-bejevyj-140x200
Топпер для дивана Сони XL Barhat Yellow;3990руб.;https://www.divan.ru/product/topper-dlya-divana-soni-xl-barhat-yellow
Подушка Винси Cozy Latte;2290руб.;https://www.divan.ru/product/podushka-vinsi-cozy-latte
Зеркало настенное Клауд Wood;8890руб.;https://www.divan.ru/product/zerkalo-nastennoe-klaud-wood
Топпер для дивана Сони-1 Velvet Beige-Grey;7190руб.;https://www.divan.ru/product/topper-dlya-divana-soni-1-velvet-beige-grey
Покрывало Самуэль-Latte 160x220;7990руб.;https://www.divan.ru/product/pokryvalo-samuel-latte-160x220
Зеркало настенное Тимбер Black;5590руб.;https://www.divan.ru/product/zerkalo-nastennoe-timber-black
Покрывало Самуэль-Milk 230x250;9990руб.;https://www.divan.ru/product/pokryvalo-samuel-milk-230x250
Подушка Тут Рядом Четверг Бежевая;2490руб.;https://www.divan.ru/product/podushka-tut-ryadom-chetverg-bejevaya
Покрывало Барроу Cotton Milk;8990руб.;https://www.divan.ru/product/pokryvalo-barrou-cotton-milk
Подушка Китти Barhat Light;2390руб.;https://www.divan.ru/product/podushka-kitti-barhat-light
Зеркало напольное Астрид Wood;11 590руб.;https://www.divan.ru/product/zerkalo-napolnoe-astrid-wood
Органайзер настенный Пегборд-1 White;2290руб.;https://www.divan.ru/product/organajzer-nastennyj-pegbord-1-white
Покрывало Биаско-White 230x250;11 490руб.;https://www.divan.ru/product/pokryvalo-biasko-white-230x250
Покрывало Эвери-Blue 240x260;14 990руб.;https://www.divan.ru/product/pokryvalo-everi-blue-240x260
Подушка Саона Soft Light;1190руб.;https://www.divan.ru/product/podushka-saona-soft-light
Подушка Линкс Barhat Beige;1590руб.;https://www.divan.ru/product/podushka-links-barhat-beige
Подушка Рейн Cozy Ivory;1990руб.;https://www.divan.ru/product/podushka-rejn-cozy-ivory
Плед Франко Серый 120х170;2990руб.;https://www.divan.ru/product/pled-franko-seryj-120x170
Зеркало настольное Рода Gold;2690руб.;https://www.divan.ru/product/zerkalo-nastolnoe-roda-gold
Подушка Пипа Velvet Coral;1890руб.;https://www.divan.ru/product/podushka-pipa-velvet-coral
Подушка Букле White;1490руб.;https://www.divan.ru/product/podushka-bukle-white
Подушка Варшава Vertical Jeance;2190руб.;https://www.divan.ru/product/podushka-varshava-vertical-jeance
Плед Линли Ivory;4590руб.;https://www.divan.ru/product/pled-linli-ivory
Топпер для дивана Сони XL Barhat Beige;3990руб.;https://www.divan.ru/product/topper-dlya-divana-soni-xl-barhat-beige
Плед Тут Рядом Хорошо Бежевый 140x200;5990руб.;https://www.divan.ru/product/pled-tut-ryadom-horosho-bejevyj-140x200
Зеркало настенное Оливия Black;5890руб.;https://www.divan.ru/product/zerkalo-nastennoe-oliviya-black
Подушка Рейн Cozy Ginger;1990руб.;https://www.divan.ru/product/podushka-rejn-cozy-ginger
Плед Вилд Animal Spots 130x180;7490руб.;https://www.divan.ru/product/pled-vild-animal-spots-130x180
Подушка Лаунд Grey;1990руб.;https://www.divan.ru/product/podushka-laund-grey
Подушка Виола Beige;1990руб.;https://www.divan.ru/product/podushka-viola-beige
Подушка Тут Рядом Город Белая;2890руб.;https://www.divan.ru/product/podushka-tut-ryadom-gorod-belaya
Покрывало Лаурен-Cream 240x260;14 990руб.;https://www.divan.ru/product/pokryvalo-lauren-cream-240x260
Топпер для дивана Оквилл S Velvet Grey;4490руб.;https://www.divan.ru/product/topper-dlya-divana-okvill-s-velvet-grey
Топпер для дивана Сони-1 Velvet Ocean-Grey;7190руб.;https://www.divan.ru/product/topper-dlya-divana-soni-1-velvet-ocean-grey
Плед Франко Бежевый 120х170;2990руб.;https://www.divan.ru/product/pled-franko-bejevyj-120x170
Подушка Лисси Velvet Milk;2290руб.;https://www.divan.ru/product/podushka-lissi-velvet-milk
Подушка Лунни Bucle White;1790руб.;https://www.divan.ru/product/podushka-lunni-bucle-white
Подушка Лисси Velvet Sky;2290руб.;https://www.divan.ru/product/podushka-lissi-velvet-sky
Подушка Тут Рядом Город Лиловая;2290руб.;https://www.divan.ru/product/podushka-tut-ryadom-gorod-lilovaya
Зеркало настенное Бьерн Wood;8890руб.;https://www.divan.ru/product/zerkalo-nastennoe-bern-wood
Топпер для дивана Сони Happy Yellow;4490руб.;https://www.divan.ru/product/topper-dlya-divana-soni-happy-yellow
Плед Линли Grey;4590руб.;https://www.divan.ru/product/pled-linli-grey
Топпер для дивана Сони Happy Latte;4490руб.;https://www.divan.ru/product/topper-dlya-divana-soni-happy-latte
Плед Lotus Home Textile Blue 120x170;7490руб.;https://www.divan.ru/product/pled-lotus-blue-120x170
Плед Brera Home Textile Blue 120x170;7490руб.;https://www.divan.ru/product/pled-brera-home-textile-blue-120x170
Покрывало Лаурен-Beige 240x260;14 990руб.;https://www.divan.ru/product/pokryvalo-lauren-beige-240x260
Подушка Меланж Brown;1190руб.;https://www.divan.ru/product/podushka-melanj-brown
Плед Тут Рядом Тепло Сине-бежевый 140x200;11 990руб.;https://www.divan.ru/product/pled-tut-ryadom-teplo-sine-bejevyj-140x200
Топпер для дивана Сони XL Barhat Yellow;3990руб.;https://www.divan.ru/product/topper-dlya-divana-soni-xl-barhat-yellow
Подушка Винси Cozy Latte;2290руб.;https://www.divan.ru/product/podushka-vinsi-cozy-latte
Зеркало настенное Клауд Wood;8890руб.;https://www.divan.ru/product/zerkalo-nastennoe-klaud-wood
Топпер для дивана Сони-1 Velvet Beige-Grey;7190руб.;https://www.divan.ru/product/topper-dlya-divana-soni-1-velvet-beige-grey
Покрывало Самуэль-Latte 160x220;7990руб.;https://www.divan.ru/product/pokryvalo-samuel-latte-160x220
Зеркало настенное Тимбер Black;5590руб.;https://www.divan.ru/product/zerkalo-nastennoe-timber-black
Покрывало Самуэль-Milk 230x250;9990руб.;https://www.divan.ru/product/pokryvalo-samuel-milk-230x250
Подушка Тут Рядом Четверг Бежевая;2490руб.;https://www.divan.ru/product/podushka-tut-ryadom-chetverg-bejevaya
Покрывало Барроу Cotton Milk;8990руб.;https://www.divan.ru/product/pokryvalo-barrou-cotton-milk
Подушка Китти Barhat Light;2390руб.;https://www.divan.ru/product/podushka-kitti-barhat-light
Зеркало напольное Астрид Wood;11 590руб.;https://www.divan.ru/product/zerkalo-napolnoe-astrid-wood
Органайзер настенный Пегборд-1 White;2290руб.;https://www.divan.ru/product/organajzer-nastennyj-pegbord-1-white
Покрывало Биаско-White 230x250;11 490руб.;https://www.divan.ru/product/pokryvalo-biasko-white-230x250
Покрывало Эвери-Blue 240x260;14 990руб.;https://www.divan.ru/product/pokryvalo-everi-blue-240x260
Подушка Саона Soft Light;1190руб.;https://www.divan.ru/product/podushka-saona-soft-light
Подушка Линкс Barhat Beige;1590руб.;https://www.divan.ru/product/podushka-links-barhat-beige
Подушка Рейн Cozy Ivory;1990руб.;https://www.divan.ru/product/podushka-rejn-cozy-ivory
Плед Франко Серый 120х170;2990руб.;https://www.divan.ru/product/pled-franko-seryj-120x170
Зеркало настольное Рода Gold;2690руб.;https://www.divan.ru/product/zerkalo-nastolnoe-roda-gold
Подушка Винси Bucle Galaxy;2790руб.;https://www.divan.ru/product/podushka-vinsi-bucle-galaxy
Подушка Винси Velvet Pink;1790руб.;https://www.divan.ru/product/podushka-vinsi-velvet-pink
Подушка Липси Ocean;1290руб.;https://www.divan.ru/product/podushka-lipsi-ocean
Покрывало Эвери-Сappuccino 240x260;14 990руб.;https://www.divan.ru/product/pokryvalo-everi-cappuccino-240x260
Подушка Рейн Cozy Storm;1990руб.;https://www.divan.ru/product/podushka-rejn-cozy-storm
Подушка Тут Рядом Дом Оранжевая;3490руб.;https://www.divan.ru/product/podushka-tut-ryadom-dom-oranjevaya
Картина Абстракция Gold Arches;4790руб.;https://www.divan.ru/product/kartina-abstraktsiya-gold-arches
Подушка Тут Рядом Четверг Сине-бежевая;2990руб.;https://www.divan.ru/product/podushka-tut-ryadom-chetverg-sine-bejevaya
Покрывало Эвери-Stone 240x260;14 990руб.;https://www.divan.ru/product/pokryvalo-everi-stone-240x260
Подушка Линкс Barhat Stone;1590руб.;https://www.divan.ru/product/podushka-links-barhat-stone
Органайзер настольный Пегборд-1 White;1990руб.;https://www.divan.ru/product/organajzer-nastolnyj-pegbord-1-white
Подушка Саона Soft Ginger;1190руб.;https://www.divan.ru/product/podushka-saona-soft-ginger
Топпер для дивана Сони-1 Happy Yellow-Emerald;7990руб.;https://www.divan.ru/product/topper-dlya-divana-soni-1-happy-yellow-emerald
Подушка Тут Рядом Дом Синяя;3490руб.;https://www.divan.ru/product/podushka-tut-ryadom-dom-sinyaya
Плед Тут Рядом Хорошо Оранжевый 140x200;5490руб.;https://www.divan.ru/product/pled-tut-ryadom-horosho-oranjevyj-140x200
Покрывало Эвери-Rose 240x260;14 990руб.;https://www.divan.ru/product/pokryvalo-everi-rose-240x260
Зеркало настольное Мия Black;1990руб.;https://www.divan.ru/product/zerkalo-nastolnoe-miya-black
Покрывало Биаско-Beige 230x250;11 490руб.;https://www.divan.ru/product/pokryvalo-biasko-beige-230x250
Топпер для дивана Сони-1 Happy Grey-Yellow;7990руб.;https://www.divan.ru/product/topper-dlya-divana-soni-1-happy-grey-yellow
Плед Линли Oldrose;4590руб.;https://www.divan.ru/product/pled-linli-oldrose
Органайзер настенный Обри-1 Wood;3990руб.;https://www.divan.ru/product/organajzer-nastennyj-obri-1-wood
Подушка Милки Velvet Sky;1890руб.;https://www.divan.ru/product/podushka-milki-velvet-sky
Подушка Саона Soft Gold;1190руб.;https://www.divan.ru/product/podushka-saona-soft-gold
Картина Пион Ocher;6490руб.;https://www.divan.ru/product/kartina-pion-ocher
Картина Пион Beige;6490руб.;https://www.divan.ru/product/kartina-pion-beige
Картина Рельеф-1 Terracota Ach;2690руб.;https://www.divan.ru/product/kartina-relef-1-terracota-ach
Картина Рельеф-2 Terracota Ach;2690руб.;https://www.divan.ru/product/kartina-relef-2-terracota-ach
Картина Рельеф Mint Arch;4990руб.;https://www.divan.ru/product/kartina-relef-mint-arch
Органайзер настенный Обри-2 Wood;3990руб.;https://www.divan.ru/product/organajzer-nastennyj-obri-2-wood
Картина Рельеф White Arches;4290руб.;https://www.divan.ru/product/kartina-relef-white-arches
Постер Сити London;950руб.;https://www.divan.ru/product/poster-siti-london
Картина Рельеф-1 White Geometry;4290руб.;https://www.divan.ru/product/kartina-relef-1-white-geometry
Органайзер настольный Пегборд-2 White;2990руб.;https://www.divan.ru/product/organajzer-nastolnyj-pegbord-2-white
Картина Флорал Beige Figures;2590руб.;https://www.divan.ru/product/kartina-floral-beige-figures
Картина Флорал Beige Patterns;2590руб.;https://www.divan.ru/product/kartina-floral-beige-patterns
Настольная лампа Palla Black;13 390руб.;https://www.divan.ru/product/nastolnaya-lampa-palla-black
Подушка Липси Rose;1290руб.;https://www.divan.ru/product/podushka-lipsi-rose
Картина Флер Olive;1990руб.;https://www.divan.ru/product/kartina-fler-olive
Картина Абстракция Grey;2690руб.;https://www.divan.ru/product/kartina-abstraktsiya-grey
Подушка Фрут 45x45 Navy;1590руб.;https://www.divan.ru/product/podushka-frut-45x45-navy
Картина Абстракция Terracotta;3690руб.;https://www.divan.ru/product/kartina-abstraktsiya-terracotta
Картина Абстракция Gold Circle;4790руб.;https://www.divan.ru/product/kartina-abstraktsiya-gold-circle
Подушка Китти Barhat White;2390руб.;https://www.divan.ru/product/podushka-kitti-barhat-white
Органайзер настенный Пегборд-2 White;3390руб.;https://www.divan.ru/product/organajzer-nastennyj-pegbord-2-white
Картина Ботаник Flower;1390руб.;https://www.divan.ru/product/kartina-botanik-flower
Картина Ирис-2 Grafic;690руб.;https://www.divan.ru/product/kartina-iris-2-grafic
Настольная лампа Alba White;6490руб.;https://www.divan.ru/product/nastolnaya-lampa-alba-white
Органайзер настольный Пегборд-3 White;4690руб.;https://www.divan.ru/product/organajzer-nastolnyj-pegbord-3-white
Подушка Пипа Velvet Coral;1890руб.;https://www.divan.ru/product/podushka-pipa-velvet-coral
Подушка Букле White;1490руб.;https://www.divan.ru/product/podushka-bukle-white
Подушка Варшава Vertical Jeance;2190руб.;https://www.divan.ru/product/podushka-varshava-vertical-jeance
Плед Линли Ivory;4590руб.;https://www.divan.ru/product/pled-linli-ivory
Топпер для дивана Сони XL Barhat Beige;3990руб.;https://www.divan.ru/product/topper-dlya-divana-soni-xl-barhat-beige
Плед Тут Рядом Хорошо Бежевый 140x200;5990руб.;https://www.divan.ru/product/pled-tut-ryadom-horosho-bejevyj-140x200
Зеркало настенное Оливия Black;5890руб.;https://www.divan.ru/product/zerkalo-nastennoe-oliviya-black
Подушка Рейн Cozy Ginger;1990руб.;https://www.divan.ru/product/podushka-rejn-cozy-ginger
Плед Вилд Animal Spots 130x180;7490руб.;https://www.divan.ru/product/pled-vild-animal-spots-130x180
Подушка Лаунд Grey;1990руб.;https://www.divan.ru/product/podushka-laund-grey
Подушка Виола Beige;1990руб.;https://www.divan.ru/product/podushka-viola-beige
Подушка Тут Рядом Город Белая;2890руб.;https://www.divan.ru/product/podushka-tut-ryadom-gorod-belaya
Покрывало Лаурен-Cream 240x260;14 990руб.;https://www.divan.ru/product/pokryvalo-lauren-cream-240x260
Топпер для дивана Оквилл S Velvet Grey;4490руб.;https://www.divan.ru/product/topper-dlya-divana-okvill-s-velvet-grey
Топпер для дивана Сони-1 Velvet Ocean-Grey;7190руб.;https://www.divan.ru/product/topper-dlya-divana-soni-1-velvet-ocean-grey
Плед Франко Бежевый 120х170;2990руб.;https://www.divan.ru/product/pled-franko-bejevyj-120x170
Подушка Лисси Velvet Milk;2290руб.;https://www.divan.ru/product/podushka-lissi-velvet-milk
Подушка Лунни Bucle White;1790руб.;https://www.divan.ru/product/podushka-lunni-bucle-white
Подушка Лисси Velvet Sky;2290руб.;https://www.divan.ru/product/podushka-lissi-velvet-sky
Подушка Тут Рядом Город Лиловая;2290руб.;https://www.divan.ru/product/podushka-tut-ryadom-gorod-lilovaya
Зеркало настенное Бьерн Wood;8890руб.;https://www.divan.ru/product/zerkalo-nastennoe-bern-wood
Топпер для дивана Сони Happy Yellow;4490руб.;https://www.divan.ru/product/topper-dlya-divana-soni-happy-yellow
Плед Линли Grey;4590руб.;https://www.divan.ru/product/pled-linli-grey
Топпер для дивана Сони Happy Latte;4490руб.;https://www.divan.ru/product/topper-dlya-divana-soni-happy-latte
Плед Lotus Home Textile Blue 120x170;7490руб.;https://www.divan.ru/product/pled-lotus-blue-120x170
Плед Brera Home Textile Blue 120x170;7490руб.;https://www.divan.ru/product/pled-brera-home-textile-blue-120x170
Покрывало Лаурен-Beige 240x260;14 990руб.;https://www.divan.ru/product/pokryvalo-lauren-beige-240x260
Подушка Меланж Brown;1190руб.;https://www.divan.ru/product/podushka-melanj-brown
Плед Тут Рядом Тепло Сине-бежевый 140x200;11 990руб.;https://www.divan.ru/product/pled-tut-ryadom-teplo-sine-bejevyj-140x200
Топпер для дивана Сони XL Barhat Yellow;3990руб.;https://www.divan.ru/product/topper-dlya-divana-soni-xl-barhat-yellow
Подушка Винси Cozy Latte;2290руб.;https://www.divan.ru/product/podushka-vinsi-cozy-latte
Зеркало настенное Клауд Wood;8890руб.;https://www.divan.ru/product/zerkalo-nastennoe-klaud-wood
Топпер для дивана Сони-1 Velvet Beige-Grey;7190руб.;https://www.divan.ru/product/topper-dlya-divana-soni-1-velvet-beige-grey
Покрывало Самуэль-Latte 160x220;7990руб.;https://www.divan.ru/product/pokryvalo-samuel-latte-160x220
Зеркало настенное Тимбер Black;5590руб.;https://www.divan.ru/product/zerkalo-nastennoe-timber-black
Покрывало Самуэль-Milk 230x250;9990руб.;https://www.divan.ru/product/pokryvalo-samuel-milk-230x250
Подушка Тут Рядом Четверг Бежевая;2490руб.;https://www.divan.ru/product/podushka-tut-ryadom-chetverg-bejevaya
Покрывало Барроу Cotton Milk;8990руб.;https://www.divan.ru/product/pokryvalo-barrou-cotton-milk
Подушка Китти Barhat Light;2390руб.;https://www.divan.ru/product/podushka-kitti-barhat-light
Зеркало напольное Астрид Wood;11 590руб.;https://www.divan.ru/product/zerkalo-napolnoe-astrid-wood
Органайзер настенный Пегборд-1 White;2290руб.;https://www.divan.ru/product/organajzer-nastennyj-pegbord-1-white
Покрывало Биаско-White 230x250;11 490руб.;https://www.divan.ru/product/pokryvalo-biasko-white-230x250
Покрывало Эвери-Blue 240x260;14 990руб.;https://www.divan.ru/product/pokryvalo-everi-blue-240x260
Подушка Саона Soft Light;1190руб.;https://www.divan.ru/product/podushka-saona-soft-light
Подушка Линкс Barhat Beige;1590руб.;https://www.divan.ru/product/podushka-links-barhat-beige
Подушка Рейн Cozy Ivory;1990руб.;https://www.divan.ru/product/podushka-rejn-cozy-ivory
Плед Франко Серый 120х170;2990руб.;https://www.divan.ru/product/pled-franko-seryj-120x170
Зеркало настольное Рода Gold;2690руб.;https://www.divan.ru/product/zerkalo-nastolnoe-roda-gold
Подушка Винси Bucle Galaxy;2790руб.;https://www.divan.ru/product/podushka-vinsi-bucle-galaxy
Подушка Винси Velvet Pink;1790руб.;https://www.divan.ru/product/podushka-vinsi-velvet-pink
Подушка Липси Ocean;1290руб.;https://www.divan.ru/product/podushka-lipsi-ocean
Покрывало Эвери-Сappuccino 240x260;14 990руб.;https://www.divan.ru/product/pokryvalo-everi-cappuccino-240x260
Подушка Рейн Cozy Storm;1990руб.;https://www.divan.ru/product/podushka-rejn-cozy-storm
Подушка Тут Рядом Дом Оранжевая;3490руб.;https://www.divan.ru/product/podushka-tut-ryadom-dom-oranjevaya
Картина Абстракция Gold Arches;4790руб.;https://www.divan.ru/product/kartina-abstraktsiya-gold-arches
Подушка Тут Рядом Четверг Сине-бежевая;2990руб.;https://www.divan.ru/product/podushka-tut-ryadom-chetverg-sine-bejevaya
Покрывало Эвери-Stone 240x260;14 990руб.;https://www.divan.ru/product/pokryvalo-everi-stone-240x260
Подушка Линкс Barhat Stone;1590руб.;https://www.divan.ru/product/podushka-links-barhat-stone
Органайзер настольный Пегборд-1 White;1990руб.;https://www.divan.ru/product/organajzer-nastolnyj-pegbord-1-white
Подушка Саона Soft Ginger;1190руб.;https://www.divan.ru/product/podushka-saona-soft-ginger
Топпер для дивана Сони-1 Happy Yellow-Emerald;7990руб.;https://www.divan.ru/product/topper-dlya-divana-soni-1-happy-yellow-emerald
Подушка Тут Рядом Дом Синяя;3490руб.;https://www.divan.ru/product/podushka-tut-ryadom-dom-sinyaya
Плед Тут Рядом Хорошо Оранжевый 140x200;5490руб.;https://www.divan.ru/product/pled-tut-ryadom-horosho-oranjevyj-140x200
Покрывало Эвери-Rose 240x260;14 990руб.;https://www.divan.ru/product/pokryvalo-everi-rose-240x260
Зеркало настольное Мия Black;1990руб.;https://www.divan.ru/product/zerkalo-nastolnoe-miya-black
Покрывало Биаско-Beige 230x250;11 490руб.;https://www.divan.ru/product/pokryvalo-biasko-beige-230x250
Топпер для дивана Сони-1 Happy Grey-Yellow;7990руб.;https://www.divan.ru/product/topper-dlya-divana-soni-1-happy-grey-yellow
Плед Линли Oldrose;4590руб.;https://www.divan.ru/product/pled-linli-oldrose
Органайзер настенный Обри-1 Wood;3990руб.;https://www.divan.ru/product/organajzer-nastennyj-obri-1-wood
Подушка Милки Velvet Sky;1890руб.;https://www.divan.ru/product/podushka-milki-velvet-sky
Подушка Саона Soft Gold;1190руб.;https://www.divan.ru/product/podushka-saona-soft-gold
Картина Пион Ocher;6490руб.;https://www.divan.ru/product/kartina-pion-ocher
Картина Пион Beige;6490руб.;https://www.divan.ru/product/kartina-pion-beige
Картина Рельеф-1 Terracota Ach;2690руб.;https://www.divan.ru/product/kartina-relef-1-terracota-ach
Картина Рельеф-2 Terracota Ach;2690руб.;https://www.divan.ru/product/kartina-relef-2-terracota-ach
Картина Рельеф Mint Arch;4990руб.;https://www.divan.ru/product/kartina-relef-mint-arch
Органайзер настенный Обри-2 Wood;3990руб.;https://www.divan.ru/product/organajzer-nastennyj-obri-2-wood
Картина Рельеф White Arches;4290руб.;https://www.divan.ru/product/kartina-relef-white-arches
Постер Сити London;950руб.;https://www.divan.ru/product/poster-siti-london
Картина Рельеф-1 White Geometry;4290руб.;https://www.divan.ru/product/kartina-relef-1-white-geometry
Органайзер настольный Пегборд-2 White;2990руб.;https://www.divan.ru/product/organajzer-nastolnyj-pegbord-2-white
Картина Флорал Beige Figures;2590руб.;https://www.divan.ru/product/kartina-floral-beige-figures
Картина Флорал Beige Patterns;2590руб.;https://www.divan.ru/product/kartina-floral-beige-patterns
Настольная лампа Palla Black;13 390руб.;https://www.divan.ru/product/nastolnaya-lampa-palla-black
Подушка Липси Rose;1290руб.;https://www.divan.ru/product/podushka-lipsi-rose
Картина Флер Olive;1990руб.;https://www.divan.ru/product/kartina-fler-olive
Картина Абстракция Grey;2690руб.;https://www.divan.ru/product/kartina-abstraktsiya-grey
Подушка Фрут 45x45 Navy;1590руб.;https://www.divan.ru/product/podushka-frut-45x45-navy
Картина Абстракция Terracotta;3690руб.;https://www.divan.ru/product/kartina-abstraktsiya-terracotta
Картина Абстракция Gold Circle;4790руб.;https://www.divan.ru/product/kartina-abstraktsiya-gold-circle
Подушка Китти Barhat White;2390руб.;https://www.divan.ru/product/podushka-kitti-barhat-white
Органайзер настенный Пегборд-2 White;3390руб.;https://www.divan.ru/product/organajzer-nastennyj-pegbord-2-white
Картина Ботаник Flower;1390руб.;https://www.divan.ru/product/kartina-botanik-flower
Картина Ирис-2 Grafic;690руб.;https://www.divan.ru/product/kartina-iris-2-grafic
Настольная лампа Alba White;6490руб.;https://www.divan.ru/product/nastolnaya-lampa-alba-white
Органайзер настольный Пегборд-3 White;4690руб.;https://www.divan.ru/product/organajzer-nastolnyj-pegbord-3-white
Подушка Пипа Velvet Coral;1890руб.;https://www.divan.ru/product/podushka-pipa-velvet-coral
Подушка Букле White;1490руб.;https://www.divan.ru/product/podushka-bukle-white
Подушка Варшава Vertical Jeance;2190руб.;https://www.divan.ru/product/podushka-varshava-vertical-jeance
Плед Линли Ivory;4590руб.;https://www.divan.ru/product/pled-linli-ivory
Топпер для дивана Сони XL Barhat Beige;3990руб.;https://www.divan.ru/product/topper-dlya-divana-soni-xl-barhat-beige
Плед Тут Рядом Хорошо Бежевый 140x200;5990руб.;https://www.divan.ru/product/pled-tut-ryadom-horosho-bejevyj-140x200
Зеркало настенное Оливия Black;5890руб.;https://www.divan.ru/product/zerkalo-nastennoe-oliviya-black
Подушка Рейн Cozy Ginger;1990руб.;https://www.divan.ru/product/podushka-rejn-cozy-ginger
Плед Вилд Animal Spots 130x180;7490руб.;https://www.divan.ru/product/pled-vild-animal-spots-130x180
Подушка Лаунд Grey;1990руб.;https://www.divan.ru/product/podushka-laund-grey
Подушка Виола Beige;1990руб.;https://www.divan.ru/product/podushka-viola-beige
Подушка Тут Рядом Город Белая;2890руб.;https://www.divan.ru/product/podushka-tut-ryadom-gorod-belaya
Покрывало Лаурен-Cream 240x260;14 990руб.;https://www.divan.ru/product/pokryvalo-lauren-cream-240x260
Топпер для дивана Оквилл S Velvet Grey;4490руб.;https://www.divan.ru/product/topper-dlya-divana-okvill-s-velvet-grey
Топпер для дивана Сони-1 Velvet Ocean-Grey;7190руб.;https://www.divan.ru/product/topper-dlya-divana-soni-1-velvet-ocean-grey
Плед Франко Бежевый 120х170;2990руб.;https://www.divan.ru/product/pled-franko-bejevyj-120x170
Подушка Лисси Velvet Milk;2290руб.;https://www.divan.ru/product/podushka-lissi-velvet-milk
Подушка Лунни Bucle White;1790руб.;https://www.divan.ru/product/podushka-lunni-bucle-white
Подушка Лисси Velvet Sky;2290руб.;https://www.divan.ru/product/podushka-lissi-velvet-sky
Подушка Тут Рядом Город Лиловая;2290руб.;https://www.divan.ru/product/podushka-tut-ryadom-gorod-lilovaya
Зеркало настенное Бьерн Wood;8890руб.;https://www.divan.ru/product/zerkalo-nastennoe-bern-wood
Топпер для дивана Сони Happy Yellow;4490руб.;https://www.divan.ru/product/topper-dlya-divana-soni-happy-yellow
Плед Линли Grey;4590руб.;https://www.divan.ru/product/pled-linli-grey
Топпер для дивана Сони Happy Latte;4490руб.;https://www.divan.ru/product/topper-dlya-divana-soni-happy-latte
Плед Lotus Home Textile Blue 120x170;7490руб.;https://www.divan.ru/product/pled-lotus-blue-120x170
Плед Brera Home Textile Blue 120x170;7490руб.;https://www.divan.ru/product/pled-brera-home-textile-blue-120x170
Покрывало Лаурен-Beige 240x260;14 990руб.;https://www.divan.ru/product/pokryvalo-lauren-beige-240x260
Подушка Меланж Brown;1190руб.;https://www.divan.ru/product/podushka-melanj-brown
Плед Тут Рядом Тепло Сине-бежевый 140x200;11 990руб.;https://www.divan.ru/product/pled-tut-ryadom-teplo-sine-bejevyj-140x200
Топпер для дивана Сони XL Barhat Yellow;3990руб.;https://www.divan.ru/product/topper-dlya-divana-soni-xl-barhat-yellow
Подушка Винси Cozy Latte;2290руб.;https://www.divan.ru/product/podushka-vinsi-cozy-latte
Зеркало настенное Клауд Wood;8890руб.;https://www.divan.ru/product/zerkalo-nastennoe-klaud-wood
Топпер для дивана Сони-1 Velvet Beige-Grey;7190руб.;https://www.divan.ru/product/topper-dlya-divana-soni-1-velvet-beige-grey
Покрывало Самуэль-Latte 160x220;7990руб.;https://www.divan.ru/product/pokryvalo-samuel-latte-160x220
Зеркало настенное Тимбер Black;5590руб.;https://www.divan.ru/product/zerkalo-nastennoe-timber-black
Покрывало Самуэль-Milk 230x250;9990руб.;https://www.divan.ru/product/pokryvalo-samuel-milk-230x250
Подушка Тут Рядом Четверг Бежевая;2490руб.;https://www.divan.ru/product/podushka-tut-ryadom-chetverg-bejevaya
Покрывало Барроу Cotton Milk;8990руб.;https://www.divan.ru/product/pokryvalo-barrou-cotton-milk
Подушка Китти Barhat Light;2390руб.;https://www.divan.ru/product/podushka-kitti-barhat-light
Зеркало напольное Астрид Wood;11 590руб.;https://www.divan.ru/product/zerkalo-napolnoe-astrid-wood
Органайзер настенный Пегборд-1 White;2290руб.;https://www.divan.ru/product/organajzer-nastennyj-pegbord-1-white
Покрывало Биаско-White 230x250;11 490руб.;https://www.divan.ru/product/pokryvalo-biasko-white-230x250
Покрывало Эвери-Blue 240x260;14 990руб.;https://www.divan.ru/product/pokryvalo-everi-blue-240x260
Подушка Саона Soft Light;1190руб.;https://www.divan.ru/product/podushka-saona-soft-light
Подушка Линкс Barhat Beige;1590руб.;https://www.divan.ru/product/podushka-links-barhat-beige
Подушка Рейн Cozy Ivory;1990руб.;https://www.divan.ru/product/podushka-rejn-cozy-ivory
Плед Франко Серый 120х170;2990руб.;https://www.divan.ru/product/pled-franko-seryj-120x170
Зеркало настольное Рода Gold;2690руб.;https://www.divan.ru/product/zerkalo-nastolnoe-roda-gold
Подушка Винси Bucle Galaxy;2790руб.;https://www.divan.ru/product/podushka-vinsi-bucle-galaxy
Подушка Винси Velvet Pink;1790руб.;https://www.divan.ru/product/podushka-vinsi-velvet-pink
Подушка Липси Ocean;1290руб.;https://www.divan.ru/product/podushka-lipsi-ocean
Покрывало Эвери-Сappuccino 240x260;14 990руб.;https://www.divan.ru/product/pokryvalo-everi-cappuccino-240x260
Подушка Рейн Cozy Storm;1990руб.;https://www.divan.ru/product/podushka-rejn-cozy-storm
Подушка Тут Рядом Дом Оранжевая;3490руб.;https://www.divan.ru/product/podushka-tut-ryadom-dom-oranjevaya
Картина Абстракция Gold Arches;4790руб.;https://www.divan.ru/product/kartina-abstraktsiya-gold-arches
Подушка Тут Рядом Четверг Сине-бежевая;2990руб.;https://www.divan.ru/product/podushka-tut-ryadom-chetverg-sine-bejevaya
Покрывало Эвери-Stone 240x260;14 990руб.;https://www.divan.ru/product/pokryvalo-everi-stone-240x260
Подушка Линкс Barhat Stone;1590руб.;https://www.divan.ru/product/podushka-links-barhat-stone
;;https://www.divan.ru/product/organajzer-nastolnyj-pegbord-1-white
;;https://www.divan.ru/product/podushka-saona-soft-ginger
;;https://www.divan.ru/product/topper-dlya-divana-soni-1-happy-yellow-emerald
;;https://www.divan.ru/product/podushka-tut-ryadom-dom-sinyaya
;;https://www.divan.ru/product/pled-tut-ryadom-horosho-oranjevyj-140x200
;;https://www.divan.ru/product/pokryvalo-everi-rose-240x260
;;https://www.divan.ru/product/zerkalo-nastolnoe-miya-black
;;https://www.divan.ru/product/pokryvalo-biasko-beige-230x250
;;https://www.divan.ru/product/topper-dlya-divana-soni-1-happy-grey-yellow
;;https://www.divan.ru/product/pled-linli-oldrose
;;https://www.divan.ru/product/organajzer-nastennyj-obri-1-wood
;;https://www.divan.ru/product/podushka-milki-velvet-sky
;;https://www.divan.ru/product/podushka-saona-soft-gold
;;https://www.divan.ru/product/kartina-pion-ocher
;;https://www.divan.ru/product/kartina-pion-beige
;;https://www.divan.ru/product/kartina-relef-1-terracota-ach
;;https://www.divan.ru/product/kartina-relef-2-terracota-ach
;;https://www.divan.ru/product/kartina-relef-mint-arch
;;https://www.divan.ru/product/organajzer-nastennyj-obri-2-wood
;;https://www.divan.ru/product/kartina-relef-white-arches
;;https://www.divan.ru/product/poster-siti-london
;;https://www.divan.ru/product/kartina-relef-1-white-geometry
;;https://www.divan.ru/product/organajzer-nastolnyj-pegbord-2-white
;;https://www.divan.ru/product/kartina-floral-beige-figures
;;https://www.divan.ru/product/kartina-floral-beige-patterns
;;https://www.divan.ru/product/nastolnaya-lampa-palla-black
;;https://www.divan.ru/product/podushka-lipsi-rose
;;https://www.divan.ru/product/kartina-fler-olive
;;https://www.divan.ru/product/kartina-abstraktsiya-grey
;;https://www.divan.ru/product/podushka-frut-45x45-navy
;;https://www.divan.ru/product/kartina-abstraktsiya-terracotta
;;https://www.divan.ru/product/kartina-abstraktsiya-gold-circle
;;https://www.divan.ru/product/podushka-kitti-barhat-white
;;https://www.divan.ru/product/organajzer-nastennyj-pegbord-2-white
;;https://www.divan.ru/product/kartina-botanik-flower
;;https://www.divan.ru/product/kartina-iris-2-grafic
;;https://www.divan.ru/product/nastolnaya-lampa-alba-white
;;https://www.divan.ru/product/organajzer-nastolnyj-pegbord-3-white
;;https://www.divan.ru/product/poster-berds-love
;;https://www.divan.ru/product/topper-dlya-divana-soni-xl-happy-grey
;;https://www.divan.ru/product/kartina-relef-olive
;;https://www.divan.ru/product/podushka-frut-45x45-mustard
;;https://www.divan.ru/product/poster-siti-new-york
;;https://www.divan.ru/product/kartina-relef-beige
;;https://www.divan.ru/product/poster-strit-yellow
;;https://www.divan.ru/product/organajzer-nastennyj-pegbord-3-white
;;https://www.divan.ru/product/poster-strit-pink
;;https://www.divan.ru/product/poster-detskij-tini-be-brave-yellow
;;https://www.divan.ru/product/nastolnaya-lampa-alba-brown
;;https://www.divan.ru/product/poster-detskij-tini-dream-big-blue
;;https://www.divan.ru/product/podushka-frut-45x45-bordo
;;https://www.divan.ru/product/kartina-relef-orange
;;https://www.divan.ru/product/organajzer-nastennyj-pegbord-4-white
;;https://www.divan.ru/product/poster-detskij-sanni-yellow
;;https://www.divan.ru/product/podushka-lunni-bucle-violet
;;https://www.divan.ru/product/kartina-relef-taupe
;;https://www.divan.ru/product/podushka-frut-30x50-beige
;;https://www.divan.ru/product/panno-detskoe-fejri-penguin
;;https://www.divan.ru/product/organajzer-nastolnyj-pegbord-4-white
;;https://www.divan.ru/product/nastolnaya-lampa-larm-white
;;https://www.divan.ru/product/panno-detskoe-siti-transport
;;https://www.divan.ru/product/pokryvalo-lauren-mint-240x260
;;https://www.divan.ru/product/kartina-relef-grey
;;https://www.divan.ru/product/podushka-lajvli-barhat-white
;;https://www.divan.ru/product/podushka-tut-ryadom-krasavchik-belaya
;;https://www.divan.ru/product/podushka-saona-barhat-gold
;;https://www.divan.ru/product/podushka-sever-chajka
;;https://www.divan.ru/product/podushka-rejn-cozy-dove
;;https://www.divan.ru/product/podushka-lipsi-aqua-blue
;;https://www.divan.ru/product/nastolnaya-lampa-djerks-white
;;https://www.divan.ru/product/podushka-saona-soft-navy-blue
;;https://www.divan.ru/product/kartina-siluet-red
;;https://www.divan.ru/product/podushka-milki-velvet-pink
;;https://www.divan.ru/product/pled-riff-green-130x170
;;https://www.divan.ru/product/pled-linli-beach
;;https://www.divan.ru/product/podushka-links-barhat-grey
;;https://www.divan.ru/product/zerkalo-nastennoe-iri-gold
;;https://www.divan.ru/product/nastolnaya-lampa-alba-silver
;;https://www.divan.ru/product/zerkalo-kristen-dub-sonoma
;;https://www.divan.ru/product/nastolnaya-lampa-djerks-black
;;https://www.divan.ru/product/topper-dlya-divana-okvill-s-barhat-pearl
;;https://www.divan.ru/product/podushka-tut-ryadom-krasavchik-sero-grafitovaya
;;https://www.divan.ru/product/podushka-lion-barhat-plum
;;https://www.divan.ru/product/podushka-lion-willow
;;https://www.divan.ru/product/nastolnaya-lampa-gross-white
;;https://www.divan.ru/product/nastolnaya-lampa-mist-black
